Time,Amplitude
0.0,-1.685
0.0027777777777777,-1.685
0.0055555555555555,-1.685
0.0083333333333333,-1.685
0.0111111111111111,-1.685
0.0138888888888888,-1.685
0.0166666666666666,-1.685
0.0194444444444444,-1.665
0.0222222222222222,-1.67
0.025,-1.6649999999999998
0.0277777777777777,-1.655
0.0305555555555555,-1.6500000000000001
0.0333333333333333,-1.6449999999999998
0.0361111111111111,-1.645
0.0388888888888888,-1.665
0.0416666666666666,-1.6949999999999998
0.0444444444444444,-1.7199999999999998
0.0472222222222222,-1.7249999999999999
0.05,-1.75
0.0527777777777777,-1.765
0.0555555555555555,-1.755
0.0583333333333333,-1.755
0.0611111111111111,-1.74
0.0638888888888888,-1.725
0.0666666666666666,-1.72
0.0694444444444444,-1.705
0.0722222222222222,-1.715
0.075,-1.72
0.0777777777777777,-1.695
0.0805555555555555,-1.7
0.0833333333333333,-1.7200000000000002
0.0861111111111111,-1.7400000000000002
0.0888888888888888,-1.8199999999999998
0.0916666666666666,-1.825
0.0944444444444444,-1.79
0.0972222222222222,-1.76
0.1,-1.73
0.1027777777777777,-1.685
0.1055555555555555,-1.6199999999999999
0.1083333333333333,-1.545
0.1111111111111111,-1.385
0.1138888888888888,-1.245
0.1166666666666666,-1.1350000000000002
0.1194444444444444,-1.0850000000000002
0.1222222222222222,-1.04
0.125,-1.02
0.1277777777777777,-0.95
0.1305555555555555,-0.8200000000000002
0.1333333333333333,-0.6699999999999999
0.1361111111111111,-0.5399999999999999
0.1388888888888889,-0.5150000000000001
0.1416666666666666,-0.5400000000000001
0.1444444444444444,-0.5900000000000001
0.1472222222222222,-0.6200000000000001
0.15,-0.66
0.1527777777777778,-0.735
0.1555555555555555,-0.82
0.1583333333333333,-0.8650000000000001
0.1611111111111111,-0.9199999999999999
0.1638888888888889,-0.8599999999999999
0.1666666666666666,-0.785
0.1694444444444444,-0.71
0.1722222222222222,-0.6849999999999999
0.175,-0.72
0.1777777777777777,-0.75
0.1805555555555555,-0.72
0.1833333333333333,-0.73
0.1861111111111111,-0.6699999999999999
0.1888888888888888,-0.54
0.1916666666666666,-0.405
0.1944444444444444,-0.345
0.1972222222222222,-0.425
0.2,-0.6950000000000001
0.2027777777777777,-1.0999999999999999
0.2055555555555555,-1.58
0.2083333333333333,-1.9799999999999998
0.2111111111111111,-2.2950000000000004
0.2138888888888888,-2.425
0.2166666666666666,-2.54
0.2194444444444444,-2.6100000000000003
0.2222222222222222,-2.6899999999999995
0.225,-2.8000000000000003
0.2277777777777777,-2.855
0.2305555555555555,-2.8499999999999996
0.2333333333333333,-2.84
0.2361111111111111,-2.7900000000000005
0.2388888888888889,-2.78
0.2416666666666666,-2.785
0.2444444444444444,-2.7649999999999997
0.2472222222222222,-2.75
0.25,-2.72
0.2527777777777777,-2.685
0.2555555555555555,-2.59
0.2583333333333333,-2.495
0.2611111111111111,-2.38
0.2638888888888889,-2.26
0.2666666666666666,-2.17
0.2694444444444444,-2.065
0.2722222222222222,-2.035
0.275,-1.9999999999999998
0.2777777777777778,-2.0149999999999997
0.2805555555555555,-2.025
0.2833333333333333,-2.0349999999999997
0.2861111111111111,-1.9799999999999998
0.2888888888888888,-1.945
0.2916666666666667,-1.8850000000000002
0.2944444444444444,-1.94
0.2972222222222222,-2.0149999999999997
0.3,-2.07
0.3027777777777777,-2.0300000000000002
0.3055555555555556,-1.905
0.3083333333333333,-1.815
0.3111111111111111,-1.795
0.3138888888888889,-1.83
0.3166666666666666,-1.8599999999999999
0.3194444444444444,-1.9149999999999998
0.3222222222222222,-1.935
0.325,-1.885
0.3277777777777778,-1.86
0.3305555555555555,-1.8199999999999998
0.3333333333333333,-1.825
0.3361111111111111,-1.845
0.3388888888888889,-1.885
0.3416666666666667,-1.915
0.3444444444444444,-1.885
0.3472222222222222,-1.87
0.35,-1.89
0.3527777777777778,-1.9049999999999998
0.3555555555555555,-1.94
0.3583333333333333,-1.935
0.3611111111111111,-1.93
0.3638888888888889,-1.935
0.3666666666666666,-1.9400000000000002
0.3694444444444444,-1.955
0.3722222222222222,-1.9600000000000002
0.375,-1.955
0.3777777777777777,-1.885
0.3805555555555555,-1.8449999999999998
0.3833333333333333,-1.845
0.3861111111111111,-1.86
0.3888888888888889,-1.94
0.3916666666666666,-1.9600000000000002
0.3944444444444444,-1.905
0.3972222222222222,-1.9
0.4,-1.875
0.4027777777777778,-1.88
0.4055555555555555,-1.835
0.4083333333333333,-1.76
0.4111111111111111,-1.6649999999999998
0.4138888888888888,-1.6199999999999997
0.4166666666666667,-1.6050000000000002
0.4194444444444444,-1.5400000000000003
0.4222222222222222,-1.4849999999999999
0.425,-1.47
0.4277777777777777,-1.425
0.4305555555555556,-1.39
0.4333333333333333,-1.2500000000000002
0.4361111111111111,-1.1050000000000002
0.4388888888888889,-0.99
0.4416666666666666,-0.8550000000000001
0.4444444444444444,-0.77
0.4472222222222222,-0.7249999999999999
0.45,-0.7799999999999999
0.4527777777777778,-0.9000000000000001
0.4555555555555555,-1.095
0.4583333333333333,-1.37
0.4611111111111111,-1.6
0.4638888888888889,-1.7200000000000002
0.4666666666666667,-1.775
0.4694444444444444,-1.77
0.4722222222222222,-1.715
0.475,-1.655
0.4777777777777778,-1.62
0.4805555555555555,-1.57
0.4833333333333333,-1.555
0.4861111111111111,-1.5350000000000001
0.4888888888888889,-1.5650000000000002
0.4916666666666666,-1.53
0.4944444444444444,-1.5849999999999997
0.4972222222222222,-1.5999999999999999
0.5,-1.62
0.5027777777777778,-1.5850000000000002
0.5055555555555555,-1.535
0.5083333333333333,-1.515
0.5111111111111111,-1.445
0.5138888888888888,-1.425
0.5166666666666667,-1.43
0.5194444444444445,-1.45
0.5222222222222223,-1.405
0.525,-1.4300000000000002
0.5277777777777778,-1.4400000000000002
0.5305555555555556,-1.44
0.5333333333333333,-1.45
0.5361111111111111,-1.47
0.5388888888888889,-1.4
0.5416666666666666,-1.3100000000000003
0.5444444444444444,-1.3099999999999998
0.5472222222222223,-1.275
0.55,-1.2999999999999998
0.5527777777777778,-1.345
0.5555555555555556,-1.335
0.5583333333333333,-1.3649999999999998
0.5611111111111111,-1.385
0.5638888888888889,-1.36
0.5666666666666667,-1.33
0.5694444444444444,-1.3250000000000002
0.5722222222222222,-1.34
0.575,-1.315
0.5777777777777777,-1.2799999999999998
0.5805555555555556,-1.2699999999999998
0.5833333333333334,-1.23
0.5861111111111111,-1.255
0.5888888888888889,-1.2699999999999998
0.5916666666666667,-1.27
0.5944444444444444,-1.27
0.5972222222222222,-1.24
0.6,-1.3
0.6027777777777777,-1.3800000000000001
0.6055555555555555,-1.4
0.6083333333333333,-1.44
0.6111111111111112,-1.4149999999999998
0.6138888888888889,-1.34
0.6166666666666667,-1.325
0.6194444444444445,-1.325
0.6222222222222222,-1.34
0.625,-1.34
0.6277777777777778,-1.36
0.6305555555555555,-1.3849999999999998
0.6333333333333333,-1.4
0.6361111111111111,-1.3900000000000001
0.6388888888888888,-1.42
0.6416666666666667,-1.47
0.6444444444444445,-1.54
0.6472222222222223,-1.5749999999999997
0.65,-1.54
0.6527777777777778,-1.46
0.6555555555555556,-1.3850000000000002
0.6583333333333333,-1.3900000000000001
0.6611111111111111,-1.395
0.6638888888888889,-1.4549999999999998
0.6666666666666666,-1.5199999999999998
0.6694444444444444,-1.5850000000000002
0.6722222222222223,-1.575
0.675,-1.53
0.6777777777777778,-1.48
0.6805555555555556,-1.4
0.6833333333333333,-1.375
0.6861111111111111,-1.405
0.6888888888888889,-1.4500000000000002
0.6916666666666667,-1.5150000000000001
0.6944444444444444,-1.5950000000000002
0.6972222222222222,-1.635
0.7,-1.6849999999999998
0.7027777777777777,-1.6949999999999998
0.7055555555555556,-1.67
0.7083333333333334,-1.6150000000000002
0.7111111111111111,-1.55
0.7138888888888889,-1.47
0.7166666666666667,-1.31
0.7194444444444444,-1.04
0.7222222222222222,-0.7050000000000001
0.725,-0.325
0.7277777777777777,0.054999999999999966
0.7305555555555555,0.39
0.7333333333333333,0.64
0.7361111111111112,0.7750000000000001
0.7388888888888889,0.7600000000000001
0.7416666666666667,0.565
0.7444444444444445,0.15499999999999986
0.7472222222222222,-0.33499999999999996
0.75,-0.835
0.7527777777777778,-1.1749999999999998
0.7555555555555555,-1.44
0.7583333333333333,-1.525
0.7611111111111111,-1.5150000000000001
0.7638888888888888,-1.4949999999999999
0.7666666666666667,-1.38
0.7694444444444445,-1.275
0.7722222222222223,-1.245
0.775,-1.275
0.7777777777777778,-1.34
0.7805555555555556,-1.3399999999999999
0.7833333333333333,-1.3099999999999998
0.7861111111111111,-1.2750000000000001
0.7888888888888889,-1.2899999999999998
0.7916666666666666,-1.3400000000000003
0.7944444444444444,-1.3599999999999999
0.7972222222222223,-1.35
0.8,-1.32
0.8027777777777778,-1.25
0.8055555555555556,-1.165
0.8083333333333333,-1.095
0.8111111111111111,-1.0299999999999998
0.8138888888888889,-1.025
0.8166666666666667,-1.055
0.8194444444444444,-1.105
0.8222222222222222,-1.145
0.825,-1.165
0.8277777777777777,-1.2099999999999997
0.8305555555555556,-1.235
0.8333333333333334,-1.2750000000000001
0.8361111111111111,-1.4
0.8388888888888889,-1.505
0.8416666666666667,-1.65
0.8444444444444444,-1.66
0.8472222222222222,-1.7
0.85,-1.785
0.8527777777777777,-1.895
0.8555555555555555,-2.015
0.8583333333333333,-2.225
0.8611111111111112,-2.42
0.8638888888888889,-2.5700000000000003
0.8666666666666667,-2.6500000000000004
0.8694444444444445,-2.675
0.8722222222222222,-2.655
0.875,-2.605
0.8777777777777778,-2.58
0.8805555555555555,-2.495
0.8833333333333333,-2.425
0.8861111111111111,-2.39
0.8888888888888888,-2.37
0.8916666666666667,-2.33
0.8944444444444445,-2.32
0.8972222222222223,-2.3
0.9,-2.29
0.9027777777777778,-2.2800000000000002
0.9055555555555556,-2.295
0.9083333333333332,-2.3249999999999997
0.9111111111111112,-2.395
0.9138888888888888,-2.455
0.9166666666666666,-2.505
0.9194444444444444,-2.5349999999999997
0.9222222222222224,-2.565
0.925,-2.61
0.9277777777777778,-2.615
0.9305555555555556,-2.57
0.9333333333333332,-2.555
0.9361111111111112,-2.54
0.9388888888888888,-2.54
0.9416666666666668,-2.535
0.9444444444444444,-2.4850000000000003
0.9472222222222222,-2.455
0.95,-2.425
0.9527777777777776,-2.375
0.9555555555555556,-2.33
0.9583333333333334,-2.305
0.9611111111111112,-2.33
0.9638888888888888,-2.385
0.9666666666666668,-2.43
0.9694444444444444,-2.4050000000000002
0.9722222222222222,-2.3449999999999998
0.975,-2.245
0.9777777777777776,-2.15
0.9805555555555556,-2.15
0.9833333333333332,-2.1950000000000003
0.9861111111111112,-2.2249999999999996
0.9888888888888888,-2.28
0.9916666666666668,-2.24
0.9944444444444444,-2.115
0.9972222222222222,-1.97
1.0,-1.81
1.0027777777777778,-1.685
1.0055555555555555,-1.63
1.0083333333333333,-1.5899999999999999
1.011111111111111,-1.63
1.0138888888888888,-1.62
1.0166666666666666,-1.575
1.0194444444444444,-1.435
1.022222222222222,-1.22
1.025,-0.975
1.0277777777777777,-0.8500000000000001
1.0305555555555554,-0.865
1.0333333333333334,-1.07
1.0361111111111112,-1.4649999999999999
1.038888888888889,-1.92
1.0416666666666667,-2.3499999999999996
1.0444444444444445,-2.645
1.0472222222222225,-2.885
1.05,-3.015
1.0527777777777778,-3.0949999999999998
1.0555555555555556,-3.205
1.0583333333333331,-3.35
1.0611111111111111,-3.42
1.0638888888888889,-3.5
1.0666666666666669,-3.5850000000000004
1.0694444444444444,-3.635
1.0722222222222222,-3.6049999999999995
1.075,-3.5850000000000004
1.0777777777777775,-3.575
1.0805555555555555,-3.5700000000000003
1.0833333333333333,-3.505
1.086111111111111,-3.46
1.0888888888888888,-3.38
1.0916666666666666,-3.34
1.0944444444444446,-3.275
1.0972222222222223,-3.26
1.1,-3.2149999999999994
1.102777777777778,-3.115
1.1055555555555556,-3.01
1.1083333333333334,-2.8899999999999997
1.1111111111111112,-2.7249999999999996
1.113888888888889,-2.615
1.1166666666666667,-2.52
1.1194444444444445,-2.44
1.1222222222222222,-2.395
1.125,-2.385
1.1277777777777778,-2.34
1.1305555555555555,-2.2800000000000002
1.1333333333333333,-2.1149999999999998
1.136111111111111,-1.9200000000000002
1.1388888888888888,-1.7100000000000002
1.1416666666666666,-1.525
1.1444444444444444,-1.3849999999999998
1.147222222222222,-1.2850000000000001
1.15,-1.225
1.1527777777777777,-1.1600000000000001
1.1555555555555554,-1.11
1.1583333333333334,-1.185
1.1611111111111112,-1.33
1.163888888888889,-1.5150000000000001
1.1666666666666667,-1.72
1.1694444444444445,-1.905
1.1722222222222225,-2.04
1.175,-2.175
1.1777777777777778,-2.27
1.1805555555555556,-2.325
1.1833333333333331,-2.275
1.1861111111111111,-2.2
1.1888888888888889,-2.135
1.1916666666666669,-2.085
1.1944444444444444,-2.105
1.1972222222222222,-2.14
1.2,-2.15
1.2027777777777775,-2.175
1.2055555555555555,-2.19
1.2083333333333333,-2.21
1.211111111111111,-2.225
1.2138888888888888,-2.25
1.2166666666666666,-2.21
1.2194444444444446,-2.185
1.2222222222222223,-2.165
1.225,-2.175
1.227777777777778,-2.17
1.2305555555555556,-2.18
1.2333333333333334,-2.185
1.2361111111111112,-2.2
1.238888888888889,-2.25
1.2416666666666667,-2.29
1.2444444444444445,-2.3049999999999997
1.2472222222222222,-2.27
1.25,-2.23
1.2527777777777778,-2.1550000000000002
1.2555555555555555,-2.145
1.2583333333333333,-2.13
1.261111111111111,-2.185
1.2638888888888888,-2.27
1.2666666666666666,-2.33
1.2694444444444444,-2.31
1.272222222222222,-2.2
1.275,-2.12
1.2777777777777777,-2.0549999999999997
1.2805555555555554,-2.04
1.2833333333333334,-2.09
1.2861111111111112,-2.135
1.288888888888889,-2.16
1.2916666666666667,-2.1550000000000002
1.2944444444444445,-2.12
1.2972222222222225,-2.035
1.3,-2.0200000000000005
1.3027777777777778,-1.995
1.3055555555555556,-1.9800000000000002
1.3083333333333331,-1.935
1.3111111111111111,-1.94
1.3138888888888889,-1.9200000000000002
1.3166666666666669,-1.8900000000000001
1.3194444444444444,-1.8249999999999997
1.3222222222222222,-1.7550000000000001
1.325,-1.6949999999999998
1.3277777777777775,-1.72
1.3305555555555555,-1.7399999999999998
1.3333333333333333,-1.775
1.336111111111111,-1.765
1.3388888888888888,-1.7149999999999999
1.3416666666666666,-1.685
1.3444444444444446,-1.665
1.3472222222222223,-1.625
1.35,-1.6149999999999998
1.352777777777778,-1.6199999999999999
1.3555555555555556,-1.575
1.3583333333333334,-1.54
1.3611111111111112,-1.525
1.363888888888889,-1.57
1.3666666666666667,-1.575
1.3694444444444445,-1.54
1.3722222222222222,-1.485
1.375,-1.4299999999999997
1.3777777777777778,-1.4399999999999997
1.3805555555555555,-1.435
1.3833333333333333,-1.48
1.386111111111111,-1.51
1.3888888888888888,-1.505
1.3916666666666666,-1.4849999999999999
1.3944444444444444,-1.4549999999999998
1.397222222222222,-1.4400000000000002
1.4,-1.41
1.4027777777777777,-1.38
1.4055555555555554,-1.39
1.4083333333333334,-1.39
1.4111111111111112,-1.405
1.413888888888889,-1.41
1.4166666666666667,-1.4000000000000001
1.4194444444444445,-1.4100000000000001
1.4222222222222225,-1.3800000000000001
1.425,-1.38
1.4277777777777778,-1.39
1.4305555555555556,-1.44
1.4333333333333331,-1.48
1.4361111111111111,-1.5350000000000001
1.4388888888888889,-1.535
1.4416666666666669,-1.495
1.4444444444444444,-1.4949999999999999
1.4472222222222222,-1.51
1.45,-1.575
1.4527777777777775,-1.595
1.4555555555555555,-1.5999999999999999
1.4583333333333333,-1.58
1.461111111111111,-1.5999999999999999
1.4638888888888888,-1.63
1.4666666666666666,-1.625
1.4694444444444446,-1.6449999999999998
1.4722222222222223,-1.635
1.475,-1.6099999999999999
1.477777777777778,-1.5699999999999998
1.4805555555555556,-1.56
1.4833333333333334,-1.5350000000000001
1.4861111111111112,-1.575
1.488888888888889,-1.6099999999999999
1.4916666666666667,-1.615
1.4944444444444445,-1.625
1.4972222222222222,-1.655
1.5,-1.7
1.5027777777777778,-1.7349999999999999
1.5055555555555555,-1.72
1.5083333333333333,-1.665
1.511111111111111,-1.6400000000000001
1.5138888888888888,-1.6300000000000001
1.5166666666666666,-1.68
1.5194444444444444,-1.69
1.522222222222222,-1.7
1.525,-1.6649999999999998
1.5277777777777777,-1.645
1.5305555555555554,-1.6350000000000002
1.5333333333333334,-1.655
1.5361111111111112,-1.6649999999999998
1.538888888888889,-1.66
1.5416666666666667,-1.645
1.5444444444444445,-1.5850000000000002
1.5472222222222225,-1.565
1.55,-1.5399999999999998
1.5527777777777778,-1.575
1.5555555555555556,-1.5849999999999997
1.5583333333333331,-1.635
1.5611111111111111,-1.715
1.5638888888888889,-1.78
1.5666666666666669,-1.8
1.5694444444444444,-1.7999999999999998
1.5722222222222222,-1.7349999999999997
1.575,-1.6800000000000002
1.5777777777777775,-1.6
1.5805555555555555,-1.42
1.5833333333333333,-1.0999999999999999
1.586111111111111,-0.73
1.5888888888888888,-0.32500000000000007
1.5916666666666666,0.019999999999999962
1.5944444444444446,0.35499999999999987
1.5972222222222223,0.585
1.6,0.6900000000000001
1.602777777777778,0.59
1.6055555555555556,0.19500000000000003
1.6083333333333334,-0.41
1.6111111111111112,-1.02
1.613888888888889,-1.51
1.6166666666666667,-1.7349999999999999
1.6194444444444445,-1.785
1.6222222222222222,-1.7249999999999999
1.625,-1.6800000000000002
1.6277777777777778,-1.585
1.6305555555555555,-1.49
1.6333333333333333,-1.4900000000000002
1.636111111111111,-1.575
1.6388888888888888,-1.565
1.6416666666666666,-1.545
1.6444444444444444,-1.5099999999999998
1.647222222222222,-1.4800000000000002
1.65,-1.4650000000000003
1.6527777777777777,-1.4849999999999999
1.6555555555555554,-1.525
1.6583333333333334,-1.52
1.6611111111111112,-1.525
1.663888888888889,-1.515
1.6666666666666667,-1.4999999999999998
1.6694444444444445,-1.5099999999999998
1.6722222222222225,-1.49
1.675,-1.52
1.6777777777777778,-1.5299999999999998
1.6805555555555556,-1.565
1.6833333333333331,-1.565
1.6861111111111111,-1.61
1.6888888888888889,-1.6099999999999999
1.6916666666666669,-1.565
1.6944444444444444,-1.4900000000000002
1.6972222222222222,-1.44
1.7,-1.3900000000000001
1.7027777777777775,-1.425
1.7055555555555555,-1.465
1.7083333333333333,-1.4949999999999999
1.711111111111111,-1.5050000000000001
1.7138888888888888,-1.475
1.7166666666666666,-1.5150000000000001
1.7194444444444446,-1.6049999999999998
1.7222222222222223,-1.69
1.725,-1.7149999999999999
1.727777777777778,-1.71
1.7305555555555556,-1.65
1.7333333333333334,-1.6349999999999998
1.7361111111111112,-1.6199999999999999
1.738888888888889,-1.625
1.7416666666666667,-1.665
1.7444444444444445,-1.6450000000000002
1.7472222222222222,-1.6500000000000001
1.75,-1.695
1.7527777777777778,-1.68
1.7555555555555555,-1.69
1.7583333333333333,-1.68
1.761111111111111,-1.6849999999999998
1.7638888888888888,-1.6949999999999998
1.7666666666666666,-1.665
1.7694444444444444,-1.605
1.772222222222222,-1.5750000000000002
1.775,-1.53
1.7777777777777777,-1.5050000000000001
1.7805555555555554,-1.5099999999999998
1.7833333333333334,-1.535
1.7861111111111112,-1.585
1.788888888888889,-1.575
1.7916666666666667,-1.555
1.7944444444444445,-1.5150000000000001
1.7972222222222225,-1.4649999999999999
1.8,-1.4449999999999998
1.8027777777777776,-1.4300000000000002
1.805555555555556,-1.4100000000000001
1.8083333333333331,-1.365
1.8111111111111111,-1.295
1.8138888888888889,-1.265
1.8166666666666669,-1.245
1.8194444444444444,-1.245
1.8222222222222224,-1.28
1.825,-1.28
1.8277777777777775,-1.2699999999999998
1.8305555555555555,-1.2299999999999998
1.8333333333333333,-1.2599999999999998
1.836111111111111,-1.2699999999999998
1.8388888888888888,-1.2599999999999998
1.8416666666666663,-1.145
1.8444444444444448,-0.99
1.8472222222222223,-0.8300000000000001
1.85,-0.67
1.8527777777777776,-0.58
1.855555555555556,-0.555
1.8583333333333332,-0.605
1.8611111111111112,-0.6699999999999999
1.863888888888889,-0.605
1.8666666666666667,-0.46499999999999997
1.8694444444444445,-0.22999999999999998
1.8722222222222225,0.03999999999999998
1.875,0.17999999999999997
1.8777777777777775,0.21499999999999994
1.8805555555555555,0.06500000000000002
1.8833333333333333,-0.215
1.886111111111111,-0.5800000000000001
1.8888888888888888,-0.9199999999999999
1.8916666666666664,-1.2000000000000002
1.8944444444444444,-1.36
1.897222222222222,-1.4300000000000002
1.9,-1.4300000000000002
1.9027777777777777,-1.395
1.9055555555555557,-1.3150000000000002
1.9083333333333332,-1.3
1.9111111111111112,-1.3650000000000002
1.913888888888889,-1.54
1.9166666666666667,-1.7649999999999997
1.9194444444444445,-2.005
1.9222222222222225,-2.2199999999999998
1.925,-2.4
1.9277777777777776,-2.55
1.930555555555556,-2.64
1.9333333333333331,-2.675
1.9361111111111111,-2.6750000000000003
1.9388888888888889,-2.61
1.9416666666666669,-2.4949999999999997
1.9444444444444444,-2.39
1.9472222222222224,-2.3149999999999995
1.95,-2.22
1.9527777777777775,-2.12
1.9555555555555555,-2.01
1.9583333333333333,-1.9
1.961111111111111,-1.81
1.9638888888888888,-1.7400000000000002
1.9666666666666663,-1.725
1.9694444444444448,-1.72
1.9722222222222223,-1.755
1.975,-1.755
1.9777777777777776,-1.73
1.980555555555556,-1.71
1.9833333333333332,-1.665
1.9861111111111112,-1.625
1.988888888888889,-1.605
1.9916666666666667,-1.6
1.9944444444444445,-1.58
1.9972222222222225,-1.575
2.0,-1.6550000000000002
2.0027777777777778,-1.7349999999999999
2.0055555555555555,-1.79
2.0083333333333333,-1.805
2.011111111111111,-1.75
2.013888888888889,-1.69
2.0166666666666666,-1.6149999999999998
2.0194444444444444,-1.5799999999999998
2.022222222222222,-1.53
2.025,-1.5499999999999998
2.0277777777777777,-1.565
2.0305555555555554,-1.565
2.033333333333333,-1.6550000000000002
2.036111111111111,-1.7299999999999998
2.0388888888888888,-1.7550000000000001
2.0416666666666665,-1.75
2.0444444444444443,-1.7249999999999999
2.047222222222222,-1.73
2.05,-1.715
2.0527777777777776,-1.725
2.055555555555556,-1.7249999999999999
2.058333333333333,-1.7449999999999999
2.061111111111111,-1.79
2.063888888888889,-1.81
2.066666666666667,-1.8649999999999998
2.0694444444444446,-1.88
2.0722222222222224,-1.8599999999999999
2.075,-1.845
2.077777777777778,-1.83
2.080555555555556,-1.7899999999999998
2.083333333333333,-1.795
2.0861111111111112,-1.755
2.088888888888889,-1.77
2.091666666666667,-1.79
2.094444444444445,-1.8249999999999997
2.0972222222222223,-1.8299999999999998
2.1,-1.9000000000000001
2.102777777777778,-1.905
2.105555555555556,-1.935
2.1083333333333334,-1.935
2.111111111111111,-1.925
2.113888888888889,-1.865
2.1166666666666667,-1.815
2.1194444444444445,-1.785
2.1222222222222222,-1.76
2.125,-1.76
2.1277777777777778,-1.755
2.1305555555555555,-1.7950000000000002
2.1333333333333333,-1.8000000000000003
2.136111111111111,-1.84
2.138888888888889,-1.8499999999999999
2.1416666666666666,-1.82
2.1444444444444444,-1.8
2.147222222222222,-1.77
2.15,-1.735
2.1527777777777777,-1.7
2.1555555555555554,-1.67
2.158333333333333,-1.67
2.161111111111111,-1.6199999999999999
2.1638888888888888,-1.64
2.1666666666666665,-1.6300000000000001
2.1694444444444443,-1.6149999999999998
2.172222222222222,-1.6300000000000001
2.175,-1.6149999999999998
2.1777777777777776,-1.5999999999999999
2.180555555555556,-1.5899999999999999
2.183333333333333,-1.645
2.186111111111111,-1.74
2.188888888888889,-1.7799999999999998
2.191666666666667,-1.6850000000000003
2.1944444444444446,-1.5950000000000002
2.1972222222222224,-1.5150000000000003
2.2,-1.4600000000000002
2.202777777777778,-1.48
2.205555555555556,-1.4900000000000002
2.208333333333333,-1.57
2.2111111111111112,-1.5850000000000002
2.213888888888889,-1.575
2.216666666666667,-1.585
2.219444444444445,-1.575
2.2222222222222223,-1.565
2.225,-1.5799999999999998
2.227777777777778,-1.555
2.230555555555556,-1.515
2.2333333333333334,-1.5
2.236111111111111,-1.5050000000000001
2.238888888888889,-1.5
2.2416666666666667,-1.535
2.2444444444444445,-1.4949999999999999
2.2472222222222222,-1.515
2.25,-1.515
2.2527777777777778,-1.5099999999999998
2.2555555555555555,-1.51
2.2583333333333333,-1.535
2.261111111111111,-1.5899999999999999
2.263888888888889,-1.6250000000000002
2.2666666666666666,-1.595
2.2694444444444444,-1.5550000000000002
2.272222222222222,-1.48
2.275,-1.43
2.2777777777777777,-1.435
2.2805555555555554,-1.47
2.283333333333333,-1.5550000000000002
2.286111111111111,-1.5699999999999998
2.2888888888888888,-1.5499999999999998
2.2916666666666665,-1.4600000000000002
2.2944444444444443,-1.3449999999999998
2.297222222222222,-1.205
2.3,-1.105
2.3027777777777776,-1.065
2.305555555555556,-1.0399999999999998
2.308333333333333,-1.0299999999999998
2.311111111111111,-0.9649999999999999
2.313888888888889,-0.815
2.316666666666667,-0.6700000000000002
2.3194444444444446,-0.58
2.3222222222222224,-0.605
2.325,-0.6850000000000002
2.327777777777778,-0.77
2.330555555555556,-0.8649999999999998
2.333333333333333,-0.9900000000000001
2.3361111111111112,-1.18
2.338888888888889,-1.3499999999999999
2.341666666666667,-1.52
2.344444444444445,-1.6400000000000001
2.3472222222222223,-1.68
2.35,-1.7400000000000002
2.352777777777778,-1.79
2.355555555555556,-1.8399999999999999
2.3583333333333334,-1.905
2.361111111111111,-1.93
2.363888888888889,-1.98
2.3666666666666667,-1.99
2.3694444444444445,-1.97
2.3722222222222222,-1.9299999999999997
2.375,-1.9300000000000002
2.3777777777777778,-1.865
2.3805555555555555,-1.79
2.3833333333333333,-1.69
2.386111111111111,-1.64
2.388888888888889,-1.61
2.3916666666666666,-1.61
2.3944444444444444,-1.64
2.397222222222222,-1.72
2.4,-1.8249999999999997
2.4027777777777777,-1.915
2.4055555555555554,-1.875
2.408333333333333,-1.8250000000000002
2.411111111111111,-1.785
2.4138888888888888,-1.6949999999999998
2.4166666666666665,-1.54
2.4194444444444443,-1.1549999999999998
2.422222222222222,-0.73
2.425,-0.29999999999999993
2.4277777777777776,0.07500000000000007
2.430555555555556,0.3799999999999999
2.433333333333333,0.525
2.436111111111111,0.47000000000000003
2.438888888888889,0.2399999999999999
2.441666666666667,-0.2649999999999999
2.4444444444444446,-0.84
2.4472222222222224,-1.335
2.45,-1.69
2.452777777777778,-1.815
2.455555555555556,-1.885
2.458333333333333,-1.865
2.4611111111111112,-1.785
2.463888888888889,-1.685
2.466666666666667,-1.625
2.469444444444445,-1.5999999999999999
2.4722222222222223,-1.605
2.475,-1.5850000000000002
2.477777777777778,-1.54
2.480555555555556,-1.5
2.4833333333333334,-1.495
2.486111111111111,-1.4749999999999999
2.488888888888889,-1.39
2.4916666666666667,-1.2899999999999998
2.4944444444444445,-1.14
2.4972222222222222,-1.0499999999999998
2.5,-0.9550000000000002
2.5027777777777778,-0.785
2.5055555555555555,-0.6600000000000001
2.5083333333333333,-0.575
2.511111111111111,-0.51
2.513888888888889,-0.4600000000000001
2.5166666666666666,-0.4750000000000001
2.5194444444444444,-0.51
2.522222222222222,-0.5849999999999999
2.525,-0.7100000000000001
2.5277777777777777,-0.9000000000000001
2.5305555555555554,-1.1
2.533333333333333,-1.2899999999999998
2.536111111111111,-1.43
2.5388888888888888,-1.525
2.5416666666666665,-1.53
2.5444444444444443,-1.5100000000000002
2.547222222222222,-1.44
2.55,-1.3549999999999998
2.5527777777777776,-1.3250000000000002
2.555555555555556,-1.295
2.558333333333333,-1.31
2.561111111111111,-1.385
2.563888888888889,-1.49
2.566666666666667,-1.595
2.5694444444444446,-1.6349999999999998
2.5722222222222224,-1.635
2.575,-1.5999999999999999
2.577777777777778,-1.59
2.580555555555556,-1.53
2.583333333333333,-1.545
2.5861111111111112,-1.55
2.588888888888889,-1.55
2.591666666666667,-1.55
2.594444444444445,-1.55
2.5972222222222223,-1.5999999999999999
2.6,-1.6550000000000002
2.602777777777778,-1.685
2.605555555555556,-1.675
2.6083333333333334,-1.615
2.611111111111111,-1.5899999999999999
2.613888888888889,-1.535
2.6166666666666667,-1.4949999999999999
2.6194444444444445,-1.445
2.6222222222222222,-1.42
2.625,-1.38
2.6277777777777778,-1.3599999999999999
2.6305555555555555,-1.33
2.6333333333333333,-1.265
2.636111111111111,-1.2449999999999999
2.638888888888889,-1.2249999999999999
2.6416666666666666,-1.245
2.6444444444444444,-1.2449999999999999
2.647222222222222,-1.2149999999999999
2.65,-1.2
2.6527777777777777,-1.185
2.6555555555555554,-1.2
2.658333333333333,-1.1600000000000001
2.661111111111111,-1.1
2.6638888888888888,-1.0899999999999999
2.6666666666666665,-1.0750000000000002
2.6694444444444443,-1.08
2.672222222222222,-1.0899999999999999
2.675,-1.07
2.6777777777777776,-1.0650000000000002
2.680555555555556,-1.0350000000000001
2.683333333333333,-0.9899999999999998
2.686111111111111,-0.9049999999999999
2.688888888888889,-0.785
2.691666666666667,-0.69
2.6944444444444446,-0.55
2.6972222222222224,-0.38500000000000006
2.7,-0.28
2.702777777777778,-0.16499999999999995
2.705555555555556,-0.11000000000000004
2.708333333333333,-0.13
2.7111111111111112,-0.16999999999999998
2.713888888888889,-0.16499999999999998
2.716666666666667,-0.13000000000000006
2.719444444444445,0.015000000000000013
2.7222222222222223,0.16
2.725,0.27999999999999997
2.727777777777778,0.24
2.730555555555556,0.06500000000000002
2.7333333333333334,-0.24999999999999994
2.736111111111111,-0.7
2.738888888888889,-1.14
2.7416666666666667,-1.5500000000000003
2.7444444444444445,-1.8399999999999999
2.7472222222222222,-2.0300000000000002
2.75,-2.125
2.7527777777777778,-2.185
2.7555555555555555,-2.2250000000000005
2.7583333333333333,-2.2449999999999997
2.761111111111111,-2.24
2.763888888888889,-2.26
2.7666666666666666,-2.2950000000000004
2.7694444444444444,-2.3349999999999995
2.772222222222222,-2.3900000000000006
2.775,-2.4299999999999997
2.7777777777777777,-2.45
2.7805555555555554,-2.4400000000000004
2.783333333333333,-2.47
2.786111111111111,-2.4050000000000002
2.7888888888888888,-2.3349999999999995
2.7916666666666665,-2.235
2.7944444444444443,-2.1350000000000002
2.797222222222222,-2.01
2.8,-1.8750000000000004
2.8027777777777776,-1.775
2.805555555555556,-1.655
2.808333333333333,-1.6199999999999999
2.811111111111111,-1.585
2.813888888888889,-1.6
2.816666666666667,-1.58
2.8194444444444446,-1.5999999999999999
2.8222222222222224,-1.5650000000000002
2.825,-1.5350000000000001
2.827777777777778,-1.5150000000000001
2.830555555555556,-1.495
2.833333333333333,-1.5099999999999998
2.8361111111111112,-1.575
2.838888888888889,-1.5699999999999998
2.841666666666667,-1.4850000000000003
2.844444444444445,-1.41
2.8472222222222223,-1.36
2.85,-1.325
2.852777777777778,-1.3249999999999997
2.855555555555556,-1.355
2.8583333333333334,-1.3599999999999999
2.861111111111111,-1.395
2.863888888888889,-1.4000000000000001
2.8666666666666667,-1.4100000000000001
2.8694444444444445,-1.3849999999999998
2.8722222222222222,-1.3699999999999999
2.875,-1.3549999999999998
2.8777777777777778,-1.3699999999999999
2.8805555555555555,-1.39
2.8833333333333333,-1.38
2.886111111111111,-1.385
2.888888888888889,-1.3899999999999997
2.8916666666666666,-1.39
2.8944444444444444,-1.4
2.897222222222222,-1.4049999999999998
2.9,-1.425
2.9027777777777777,-1.4
2.9055555555555554,-1.4
2.908333333333333,-1.41
2.911111111111111,-1.435
2.9138888888888888,-1.455
2.9166666666666665,-1.4949999999999999
2.9194444444444443,-1.4999999999999998
2.922222222222222,-1.5299999999999998
2.925,-1.555
2.9277777777777776,-1.61
2.930555555555556,-1.6500000000000001
2.933333333333333,-1.655
2.936111111111111,-1.68
2.938888888888889,-1.65
2.941666666666667,-1.66
2.9444444444444446,-1.7
2.9472222222222224,-1.7400000000000002
2.95,-1.77
2.952777777777778,-1.81
2.955555555555556,-1.78
2.958333333333333,-1.7550000000000003
2.9611111111111112,-1.77
2.963888888888889,-1.845
2.966666666666667,-1.9749999999999999
2.969444444444445,-2.13
2.9722222222222223,-2.26
2.975,-2.3649999999999998
2.977777777777778,-2.45
2.980555555555556,-2.565
2.9833333333333334,-2.715
2.986111111111111,-2.85
2.988888888888889,-2.895
2.9916666666666667,-2.94
2.9944444444444445,-2.925
2.9972222222222222,-2.95
3.0,-2.965
3.0027777777777778,-2.96
3.0055555555555555,-2.875
3.0083333333333333,-2.75
3.011111111111111,-2.625
3.013888888888889,-2.56
3.0166666666666666,-2.5250000000000004
3.0194444444444444,-2.485
3.022222222222222,-2.4299999999999997
3.025,-2.395
3.0277777777777777,-2.385
3.0305555555555554,-2.42
3.033333333333333,-2.46
3.036111111111111,-2.465
3.0388888888888888,-2.44
3.0416666666666665,-2.4050000000000002
3.0444444444444443,-2.405
3.047222222222222,-2.385
3.05,-2.375
3.0527777777777776,-2.36
3.055555555555556,-2.35
3.058333333333333,-2.355
3.061111111111111,-2.355
3.063888888888889,-2.405
3.066666666666667,-2.38
3.0694444444444446,-2.37
3.0722222222222224,-2.365
3.075,-2.35
3.077777777777778,-2.35
3.080555555555556,-2.365
3.083333333333333,-2.3649999999999998
3.0861111111111112,-2.35
3.088888888888889,-2.3449999999999998
3.091666666666667,-2.3449999999999998
3.094444444444445,-2.325
3.0972222222222223,-2.36
3.1,-2.3449999999999998
3.102777777777778,-2.335
3.105555555555556,-2.31
3.1083333333333334,-2.3249999999999997
3.111111111111111,-2.34
3.113888888888889,-2.34
3.1166666666666667,-2.3649999999999998
3.1194444444444445,-2.375
3.1222222222222222,-2.3449999999999998
3.125,-2.3699999999999997
3.1277777777777778,-2.395
3.1305555555555555,-2.42
3.1333333333333333,-2.42
3.136111111111111,-2.42
3.138888888888889,-2.41
3.1416666666666666,-2.395
3.1444444444444444,-2.39
3.147222222222222,-2.35
3.15,-2.3449999999999998
3.1527777777777777,-2.3600000000000003
3.1555555555555554,-2.3649999999999998
3.158333333333333,-2.39
3.161111111111111,-2.36
3.1638888888888888,-2.335
3.1666666666666665,-2.3
3.1694444444444443,-2.315
3.172222222222222,-2.33
3.175,-2.34
3.1777777777777776,-2.325
3.180555555555556,-2.34
3.183333333333333,-2.3499999999999996
3.186111111111111,-2.3
3.188888888888889,-2.325
3.191666666666667,-2.315
3.1944444444444446,-2.31
3.1972222222222224,-2.3200000000000003
3.2,-2.3049999999999997
3.202777777777778,-2.305
3.205555555555556,-2.28
3.208333333333333,-2.27
3.2111111111111112,-2.26
3.213888888888889,-2.245
3.216666666666667,-2.235
3.219444444444445,-2.23
3.2222222222222223,-2.225
3.225,-2.1950000000000003
3.227777777777778,-2.1799999999999997
3.230555555555556,-2.16
3.2333333333333334,-2.15
3.236111111111111,-2.1149999999999998
3.238888888888889,-2.105
3.2416666666666667,-2.1350000000000002
3.2444444444444445,-2.18
3.2472222222222222,-2.235
3.25,-2.28
3.2527777777777778,-2.255
3.2555555555555555,-2.19
3.2583333333333333,-2.1
3.261111111111111,-1.915
3.263888888888889,-1.5650000000000002
3.2666666666666666,-1.095
3.2694444444444444,-0.6499999999999999
3.272222222222222,-0.23500000000000004
3.275,0.09999999999999987
3.2777777777777777,0.395
3.2805555555555554,0.54
3.283333333333333,0.4800000000000001
3.286111111111111,0.21500000000000025
3.2888888888888888,-0.20999999999999985
3.2916666666666665,-0.645
3.2944444444444443,-0.9200000000000002
3.297222222222222,-1.015
3.3,-0.9000000000000001
3.3027777777777776,-0.7649999999999999
3.305555555555556,-0.6600000000000001
3.308333333333333,-0.6500000000000001
3.311111111111111,-0.7899999999999998
3.313888888888889,-1.0299999999999998
3.316666666666667,-1.32
3.3194444444444446,-1.525
3.3222222222222224,-1.6400000000000001
3.325,-1.7149999999999999
3.327777777777778,-1.835
3.330555555555556,-1.915
3.333333333333333,-1.94
3.3361111111111112,-1.9249999999999998
3.338888888888889,-1.865
3.341666666666667,-1.83
3.344444444444445,-1.8150000000000002
3.3472222222222223,-1.765
3.35,-1.7249999999999999
3.352777777777778,-1.7249999999999999
3.355555555555556,-1.73
3.3583333333333334,-1.7200000000000002
3.361111111111111,-1.7400000000000002
3.363888888888889,-1.7750000000000001
3.3666666666666667,-1.785
3.3694444444444445,-1.8050000000000002
3.3722222222222222,-1.81
3.375,-1.8199999999999998
3.3777777777777778,-1.8
3.3805555555555555,-1.79
3.3833333333333333,-1.775
3.386111111111111,-1.72
3.388888888888889,-1.7249999999999999
3.3916666666666666,-1.705
3.3944444444444444,-1.7099999999999997
3.397222222222222,-1.7100000000000002
3.4,-1.75
3.4027777777777777,-1.7550000000000001
3.4055555555555554,-1.77
3.408333333333333,-1.785
3.411111111111111,-1.825
3.4138888888888888,-1.8350000000000002
3.4166666666666665,-1.825
3.4194444444444443,-1.8550000000000002
3.422222222222222,-1.855
3.425,-1.8299999999999998
3.4277777777777776,-1.8549999999999998
3.430555555555556,-1.83
3.433333333333333,-1.83
3.436111111111111,-1.8049999999999997
3.438888888888889,-1.805
3.441666666666667,-1.79
3.4444444444444446,-1.8050000000000002
3.4472222222222224,-1.79
3.45,-1.76
3.452777777777778,-1.7699999999999998
3.455555555555556,-1.765
3.458333333333333,-1.765
3.4611111111111112,-1.76
3.463888888888889,-1.745
3.466666666666667,-1.74
3.469444444444445,-1.71
3.4722222222222223,-1.695
3.475,-1.665
3.477777777777778,-1.6250000000000002
3.480555555555556,-1.605
3.4833333333333334,-1.5700000000000003
3.486111111111111,-1.53
3.488888888888889,-1.5400000000000003
3.4916666666666667,-1.51
3.4944444444444445,-1.5250000000000001
3.4972222222222222,-1.515
3.5,-1.5350000000000001
3.5027777777777778,-1.5199999999999998
3.5055555555555555,-1.465
3.5083333333333333,-1.4349999999999998
3.511111111111111,-1.37
3.513888888888889,-1.345
3.5166666666666666,-1.33
3.5194444444444444,-1.3050000000000002
3.522222222222222,-1.29
3.525,-1.2950000000000002
3.5277777777777777,-1.225
3.5305555555555554,-1.1300000000000001
3.533333333333333,-1.04
3.536111111111111,-0.845
3.5388888888888888,-0.6950000000000001
3.5416666666666665,-0.53
3.5444444444444443,-0.395
3.547222222222222,-0.33
3.55,-0.35
3.5527777777777776,-0.375
3.555555555555556,-0.395
3.558333333333333,-0.375
3.561111111111111,-0.295
3.563888888888889,-0.19
3.566666666666667,-0.08
3.5694444444444446,-0.024999999999999994
3.5722222222222224,-0.05
3.575,-0.24
3.577777777777778,-0.505
3.580555555555556,-0.915
3.583333333333333,-1.36
3.5861111111111112,-1.7650000000000001
3.588888888888889,-2.085
3.591666666666667,-2.29
3.594444444444445,-2.4
3.5972222222222223,-2.475
3.6,-2.515
3.602777777777778,-2.565
3.605555555555556,-2.6050000000000004
3.608333333333333,-2.67
3.611111111111111,-2.7049999999999996
3.613888888888889,-2.6849999999999996
3.6166666666666663,-2.715
3.619444444444445,-2.75
3.6222222222222222,-2.75
3.625,-2.7800000000000002
3.6277777777777778,-2.765
3.630555555555556,-2.75
3.633333333333333,-2.73
3.636111111111111,-2.68
3.638888888888889,-2.62
3.6416666666666666,-2.4899999999999998
3.644444444444445,-2.3649999999999998
3.647222222222222,-2.2
3.65,-2.065
3.6527777777777777,-1.97
3.655555555555555,-1.8749999999999998
3.658333333333333,-1.8150000000000002
3.661111111111111,-1.76
3.6638888888888888,-1.77
3.6666666666666665,-1.7449999999999999
3.669444444444444,-1.76
3.672222222222222,-1.76
3.675,-1.7349999999999999
3.6777777777777776,-1.66
3.6805555555555554,-1.6349999999999998
3.683333333333333,-1.615
3.686111111111111,-1.635
3.688888888888889,-1.6300000000000001
3.691666666666667,-1.63
3.6944444444444446,-1.645
3.6972222222222224,-1.675
3.7,-1.6700000000000002
3.702777777777778,-1.69
3.705555555555556,-1.7
3.7083333333333335,-1.7
3.7111111111111112,-1.6849999999999998
3.713888888888889,-1.67
3.716666666666667,-1.6950000000000003
3.719444444444445,-1.705
3.7222222222222223,-1.73
3.725,-1.7449999999999999
3.727777777777778,-1.735
3.730555555555556,-1.7249999999999999
3.733333333333333,-1.72
3.736111111111111,-1.71
3.738888888888889,-1.755
3.7416666666666663,-1.755
3.744444444444445,-1.765
3.7472222222222222,-1.755
3.75,-1.7650000000000001
3.7527777777777778,-1.7899999999999998
3.755555555555556,-1.83
3.758333333333333,-1.85
3.761111111111111,-1.885
3.763888888888889,-1.9050000000000002
3.7666666666666666,-1.92
3.769444444444445,-1.9549999999999998
3.772222222222222,-1.95
3.775,-1.96
3.7777777777777777,-1.935
3.780555555555555,-1.9300000000000002
3.783333333333333,-1.9500000000000002
3.786111111111111,-1.9600000000000002
3.7888888888888888,-1.95
3.7916666666666665,-2.0100000000000002
3.794444444444444,-1.9900000000000002
3.797222222222222,-2.005
3.8,-2.025
3.8027777777777776,-2.055
3.8055555555555554,-2.07
3.808333333333333,-2.055
3.811111111111111,-2.045
3.813888888888889,-2.0500000000000003
3.816666666666667,-2.02
3.8194444444444446,-1.995
3.8222222222222224,-2.015
3.825,-2.0
3.827777777777778,-2.01
3.830555555555556,-1.99
3.8333333333333335,-1.96
3.8361111111111112,-1.9949999999999999
3.838888888888889,-1.985
3.841666666666667,-1.95
3.844444444444445,-1.91
3.8472222222222223,-1.8649999999999998
3.85,-1.865
3.852777777777778,-1.835
3.855555555555556,-1.8599999999999999
3.858333333333333,-1.8499999999999999
3.861111111111111,-1.8350000000000002
3.863888888888889,-1.825
3.8666666666666663,-1.815
3.869444444444445,-1.8
3.8722222222222222,-1.795
3.875,-1.7750000000000001
3.8777777777777778,-1.7599999999999998
3.880555555555556,-1.7449999999999999
3.883333333333333,-1.73
3.886111111111111,-1.73
3.888888888888889,-1.695
3.8916666666666666,-1.675
3.894444444444445,-1.68
3.897222222222222,-1.675
3.9,-1.68
3.9027777777777777,-1.6849999999999998
3.905555555555555,-1.67
3.908333333333333,-1.635
3.911111111111111,-1.6349999999999998
3.9138888888888888,-1.575
3.9166666666666665,-1.5099999999999998
3.919444444444444,-1.4749999999999999
3.922222222222222,-1.405
3.925,-1.3149999999999997
3.9277777777777776,-1.23
3.9305555555555554,-1.115
3.933333333333333,-1.03
3.936111111111111,-0.9150000000000001
3.938888888888889,-0.7900000000000001
3.941666666666667,-0.66
3.9444444444444446,-0.5500000000000002
3.9472222222222224,-0.495
3.95,-0.3799999999999999
3.952777777777778,-0.33999999999999986
3.955555555555556,-0.37
3.9583333333333335,-0.525
3.9611111111111112,-0.6449999999999999
3.963888888888889,-0.84
3.966666666666667,-1.065
3.969444444444445,-1.245
3.9722222222222223,-1.355
3.975,-1.46
3.977777777777778,-1.5
3.980555555555556,-1.5150000000000001
3.983333333333333,-1.4949999999999999
3.986111111111111,-1.48
3.988888888888889,-1.46
3.9916666666666663,-1.475
3.994444444444445,-1.515
3.9972222222222222,-1.57
4.0,-1.585
4.002777777777778,-1.59
4.005555555555556,-1.615
4.008333333333334,-1.63
4.011111111111111,-1.6349999999999998
4.013888888888889,-1.6500000000000001
4.016666666666667,-1.6300000000000001
4.019444444444445,-1.6649999999999998
4.022222222222222,-1.6900000000000002
4.025,-1.705
4.027777777777778,-1.73
4.030555555555556,-1.7300000000000002
4.033333333333333,-1.745
4.036111111111111,-1.7300000000000002
4.038888888888889,-1.7500000000000002
4.041666666666667,-1.705
4.044444444444444,-1.6900000000000002
4.047222222222223,-1.685
4.05,-1.6900000000000002
4.052777777777778,-1.71
4.055555555555555,-1.705
4.058333333333334,-1.7049999999999998
4.061111111111111,-1.7249999999999999
4.063888888888889,-1.705
4.066666666666666,-1.7049999999999998
4.069444444444445,-1.7100000000000002
4.072222222222222,-1.72
4.075,-1.73
4.0777777777777775,-1.7349999999999999
4.080555555555556,-1.765
4.083333333333333,-1.8250000000000002
4.086111111111111,-1.89
4.088888888888889,-1.8900000000000001
4.091666666666667,-1.8699999999999999
4.094444444444444,-1.77
4.097222222222222,-1.6649999999999998
4.1,-1.455
4.102777777777778,-1.1099999999999999
4.105555555555555,-0.675
4.108333333333333,-0.28
4.111111111111111,0.10000000000000012
4.113888888888889,0.44500000000000006
4.116666666666666,0.5950000000000001
4.1194444444444445,0.61
4.122222222222222,0.42500000000000004
4.125,8.326672684688674e-17
4.127777777777778,-0.565
4.130555555555556,-1.115
4.133333333333334,-1.48
4.136111111111111,-1.7
4.138888888888889,-1.7249999999999999
4.141666666666667,-1.67
4.144444444444445,-1.57
4.147222222222222,-1.4949999999999999
4.15,-1.43
4.152777777777778,-1.465
4.155555555555556,-1.505
4.158333333333333,-1.51
4.161111111111111,-1.515
4.163888888888889,-1.5
4.166666666666667,-1.505
4.169444444444444,-1.5250000000000001
4.172222222222223,-1.52
4.175,-1.535
4.177777777777778,-1.48
4.180555555555555,-1.45
4.183333333333334,-1.43
4.186111111111111,-1.435
4.188888888888889,-1.46
4.191666666666666,-1.4649999999999999
4.194444444444445,-1.465
4.197222222222222,-1.4649999999999999
4.2,-1.4549999999999998
4.2027777777777775,-1.44
4.205555555555556,-1.4200000000000002
4.208333333333333,-1.455
4.211111111111111,-1.4849999999999999
4.213888888888889,-1.4549999999999998
4.216666666666667,-1.4600000000000002
4.219444444444444,-1.52
4.222222222222222,-1.525
4.225,-1.585
4.227777777777778,-1.6150000000000002
4.230555555555555,-1.5949999999999998
4.233333333333333,-1.555
4.236111111111111,-1.52
4.238888888888889,-1.5
4.241666666666666,-1.4949999999999999
4.2444444444444445,-1.4849999999999999
4.247222222222222,-1.48
4.25,-1.4949999999999999
4.252777777777778,-1.54
4.255555555555556,-1.58
4.258333333333334,-1.61
4.261111111111111,-1.635
4.263888888888889,-1.6649999999999998
4.266666666666667,-1.645
4.269444444444445,-1.665
4.272222222222222,-1.6749999999999998
4.275,-1.685
4.277777777777778,-1.675
4.280555555555556,-1.645
4.283333333333333,-1.5899999999999999
4.286111111111111,-1.5950000000000002
4.288888888888889,-1.6
4.291666666666667,-1.575
4.294444444444444,-1.57
4.297222222222223,-1.54
4.3,-1.52
4.302777777777778,-1.49
4.305555555555555,-1.47
4.308333333333334,-1.4249999999999998
4.311111111111111,-1.385
4.313888888888889,-1.3749999999999998
4.316666666666666,-1.35
4.319444444444445,-1.3449999999999998
4.322222222222222,-1.2999999999999998
4.325,-1.285
4.3277777777777775,-1.26
4.330555555555556,-1.2499999999999998
4.333333333333333,-1.2349999999999999
4.336111111111111,-1.215
4.338888888888889,-1.17
4.341666666666667,-1.145
4.344444444444444,-1.145
4.347222222222222,-1.1099999999999999
4.35,-1.085
4.352777777777778,-1.055
4.355555555555555,-1.08
4.358333333333333,-1.11
4.361111111111111,-1.14
4.363888888888889,-1.185
4.366666666666666,-1.215
4.3694444444444445,-1.22
4.372222222222222,-1.155
4.375,-1.08
4.377777777777778,-0.9249999999999999
4.380555555555556,-0.7100000000000001
4.383333333333334,-0.46
4.386111111111111,-0.21499999999999997
4.388888888888889,-0.1
4.391666666666667,-0.025000000000000022
4.394444444444445,-0.014999999999999958
4.397222222222222,-0.04500000000000004
4.4,0.014999999999999958
4.402777777777778,0.16000000000000003
4.405555555555556,0.38999999999999996
4.408333333333333,0.635
4.411111111111111,0.78
4.413888888888889,0.77
4.416666666666667,0.615
4.419444444444444,0.26999999999999996
4.422222222222223,-0.22999999999999998
4.425,-0.77
4.427777777777778,-1.31
4.430555555555555,-1.79
4.433333333333334,-2.15
4.436111111111111,-2.3800000000000003
4.438888888888889,-2.51
4.441666666666666,-2.585
4.444444444444445,-2.695
4.447222222222222,-2.7449999999999997
4.45,-2.82
4.4527777777777775,-2.875
4.455555555555556,-2.895
4.458333333333333,-2.88
4.461111111111111,-2.84
4.463888888888889,-2.77
4.466666666666667,-2.695
4.469444444444444,-2.6149999999999998
4.472222222222222,-2.4900000000000007
4.475,-2.37
4.477777777777778,-2.2250000000000005
4.480555555555555,-2.02
4.483333333333333,-1.8050000000000002
4.486111111111111,-1.63
4.488888888888889,-1.4300000000000002
4.491666666666666,-1.22
4.4944444444444445,-1.025
4.497222222222222,-0.8900000000000001
4.5,-0.7899999999999999
4.502777777777778,-0.7200000000000001
4.505555555555556,-0.7100000000000001
4.508333333333334,-0.72
4.511111111111111,-0.785
4.513888888888889,-0.875
4.516666666666667,-1.035
4.519444444444445,-1.22
4.522222222222222,-1.3599999999999999
4.525,-1.4649999999999999
4.527777777777778,-1.5150000000000001
4.530555555555556,-1.5699999999999998
4.533333333333333,-1.595
4.536111111111111,-1.6300000000000001
4.538888888888889,-1.625
4.541666666666667,-1.645
4.544444444444444,-1.63
4.547222222222223,-1.6400000000000001
4.55,-1.6350000000000002
4.552777777777778,-1.635
4.555555555555555,-1.6700000000000002
4.558333333333334,-1.7
4.561111111111111,-1.715
4.563888888888889,-1.7349999999999999
4.566666666666666,-1.755
4.569444444444445,-1.75
4.572222222222222,-1.7650000000000001
4.575,-1.78
4.5777777777777775,-1.7699999999999998
4.580555555555556,-1.77
4.583333333333333,-1.79
4.586111111111111,-1.7550000000000001
4.588888888888889,-1.81
4.591666666666667,-1.81
4.594444444444444,-1.835
4.597222222222222,-1.8299999999999998
4.6,-1.84
4.602777777777778,-1.885
4.605555555555555,-1.8800000000000001
4.608333333333333,-1.9149999999999998
4.611111111111111,-1.9349999999999998
4.613888888888889,-1.95
4.616666666666666,-1.95
4.6194444444444445,-1.9549999999999998
4.622222222222222,-1.9699999999999998
4.625,-2.0050000000000003
4.627777777777778,-2.0050000000000003
4.630555555555556,-2.02
4.633333333333334,-2.035
4.636111111111111,-2.055
4.638888888888889,-2.07
4.641666666666667,-2.0700000000000003
4.644444444444445,-2.0300000000000002
4.647222222222222,-2.05
4.65,-1.9700000000000002
4.652777777777778,-1.96
4.655555555555556,-1.925
4.658333333333333,-1.9050000000000002
4.661111111111111,-1.855
4.663888888888889,-1.81
4.666666666666667,-1.7650000000000001
4.669444444444444,-1.7400000000000002
4.672222222222223,-1.7149999999999996
4.675,-1.665
4.677777777777778,-1.645
4.680555555555555,-1.61
4.683333333333334,-1.57
4.686111111111111,-1.56
4.688888888888889,-1.515
4.691666666666666,-1.4999999999999998
4.694444444444445,-1.505
4.697222222222222,-1.505
4.7,-1.47
4.7027777777777775,-1.49
4.705555555555556,-1.465
4.708333333333333,-1.445
4.711111111111111,-1.4249999999999998
4.713888888888889,-1.405
4.716666666666667,-1.375
4.719444444444444,-1.3299999999999998
4.722222222222222,-1.345
4.725,-1.3049999999999997
4.727777777777778,-1.3150000000000002
4.730555555555555,-1.31
4.733333333333333,-1.295
4.736111111111111,-1.3
4.738888888888889,-1.29
4.741666666666666,-1.2599999999999998
4.7444444444444445,-1.22
4.747222222222222,-1.2349999999999999
4.75,-1.2149999999999999
4.752777777777778,-1.21
4.755555555555556,-1.2199999999999998
4.758333333333334,-1.21
4.761111111111111,-1.2100000000000002
4.763888888888889,-1.23
4.766666666666667,-1.24
4.769444444444445,-1.23
4.772222222222222,-1.2300000000000002
4.775,-1.225
4.777777777777778,-1.22
4.780555555555556,-1.2000000000000002
4.783333333333333,-1.1749999999999998
4.786111111111111,-1.17
4.788888888888889,-1.2
4.791666666666667,-1.2299999999999998
4.794444444444444,-1.2150000000000003
4.797222222222223,-1.2399999999999998
4.8,-1.2499999999999998
4.802777777777778,-1.2899999999999998
4.805555555555555,-1.2799999999999998
4.808333333333334,-1.275
4.811111111111111,-1.2599999999999998
4.813888888888889,-1.26
4.816666666666666,-1.27
4.819444444444445,-1.2899999999999998
4.822222222222222,-1.29
4.825,-1.315
4.8277777777777775,-1.3399999999999999
4.830555555555556,-1.35
4.833333333333333,-1.32
4.836111111111111,-1.3499999999999999
4.838888888888889,-1.3349999999999997
4.841666666666667,-1.3399999999999999
4.844444444444444,-1.345
4.847222222222222,-1.3550000000000002
4.85,-1.375
4.852777777777778,-1.39
4.855555555555555,-1.455
4.858333333333333,-1.43
4.861111111111111,-1.435
4.863888888888889,-1.45
4.866666666666666,-1.4600000000000002
4.8694444444444445,-1.475
4.872222222222222,-1.4599999999999997
4.875,-1.46
4.877777777777778,-1.465
4.880555555555556,-1.4999999999999998
4.883333333333334,-1.48
4.886111111111111,-1.4949999999999999
4.888888888888889,-1.4849999999999999
4.891666666666667,-1.525
4.894444444444445,-1.52
4.897222222222222,-1.505
4.9,-1.5099999999999998
4.902777777777778,-1.52
4.905555555555556,-1.5050000000000001
4.908333333333333,-1.49
4.911111111111111,-1.47
4.913888888888889,-1.44
4.916666666666667,-1.455
4.919444444444444,-1.48
4.922222222222223,-1.445
4.925,-1.48
4.927777777777778,-1.4800000000000002
4.930555555555555,-1.4849999999999999
4.933333333333334,-1.4749999999999999
4.936111111111111,-1.4849999999999999
4.938888888888889,-1.45
4.941666666666666,-1.4749999999999999
4.944444444444445,-1.47
4.947222222222222,-1.545
4.95,-1.57
4.9527777777777775,-1.605
4.955555555555556,-1.5499999999999998
4.958333333333333,-1.5050000000000001
4.961111111111111,-1.4049999999999998
4.963888888888889,-1.2850000000000001
4.966666666666667,-1.055
4.969444444444444,-0.7299999999999999
4.972222222222222,-0.355
4.975,0.010000000000000037
4.977777777777778,0.3699999999999999
4.980555555555555,0.6699999999999999
4.983333333333333,0.8899999999999999
4.986111111111111,0.96
4.988888888888889,0.9000000000000001
4.991666666666666,0.6549999999999999
4.9944444444444445,0.17000000000000004
4.997222222222222,-0.36
5.0,-0.8
5.002777777777778,-1.115
5.005555555555556,-1.2449999999999999
5.008333333333334,-1.2350000000000003
5.011111111111111,-1.22
5.013888888888889,-1.1649999999999998
5.016666666666667,-1.09
5.019444444444445,-1.055
5.022222222222222,-1.0699999999999998
5.025,-1.15
5.027777777777778,-1.26
5.030555555555556,-1.365
5.033333333333333,-1.4849999999999999
5.036111111111111,-1.6
5.038888888888889,-1.7
5.041666666666667,-1.7750000000000001
5.044444444444444,-1.8399999999999999
5.047222222222223,-1.955
5.05,-2.04
5.052777777777778,-2.1799999999999997
5.055555555555555,-2.33
5.058333333333334,-2.45
5.061111111111111,-2.525
5.063888888888889,-2.565
5.066666666666666,-2.56
5.069444444444445,-2.525
5.072222222222222,-2.46
5.075,-2.35
5.0777777777777775,-2.2449999999999997
5.080555555555556,-2.1750000000000003
5.083333333333333,-2.1
5.086111111111111,-2.0949999999999998
5.088888888888889,-2.08
5.091666666666667,-2.1799999999999997
5.094444444444444,-2.2199999999999998
5.097222222222222,-2.315
5.1,-2.34
5.102777777777778,-2.4050000000000002
5.105555555555555,-2.4749999999999996
5.108333333333333,-2.51
5.111111111111111,-2.5
5.113888888888889,-2.505
5.116666666666666,-2.505
5.1194444444444445,-2.48
5.122222222222222,-2.5
5.125,-2.555
5.127777777777778,-2.55
5.130555555555556,-2.5650000000000004
5.133333333333334,-2.54
5.136111111111111,-2.565
5.138888888888889,-2.58
5.141666666666667,-2.5949999999999998
5.144444444444445,-2.585
5.147222222222222,-2.5500000000000003
5.15,-2.545
5.152777777777778,-2.51
5.155555555555556,-2.53
5.158333333333333,-2.5300000000000002
5.161111111111111,-2.5300000000000002
5.163888888888889,-2.5149999999999997
5.166666666666667,-2.52
5.169444444444444,-2.545
5.172222222222223,-2.525
5.175,-2.495
5.177777777777778,-2.48
5.180555555555555,-2.42
5.183333333333334,-2.325
5.186111111111111,-2.225
5.188888888888889,-2.09
5.191666666666666,-1.975
5.194444444444445,-1.8250000000000002
5.197222222222222,-1.675
5.2,-1.525
5.2027777777777775,-1.475
5.205555555555556,-1.4849999999999999
5.208333333333333,-1.49
5.211111111111111,-1.48
5.213888888888889,-1.3900000000000001
5.216666666666667,-1.2349999999999999
5.219444444444444,-1.0699999999999998
5.222222222222222,-0.8899999999999999
5.225,-0.835
5.227777777777778,-0.85
5.230555555555555,-1.025
5.233333333333333,-1.3499999999999999
5.236111111111111,-1.78
5.238888888888889,-2.235
5.241666666666666,-2.565
5.2444444444444445,-2.7750000000000004
5.247222222222222,-2.8649999999999998
5.25,-2.915
5.252777777777778,-2.915
5.255555555555556,-2.9850000000000003
5.258333333333334,-3.005
5.261111111111111,-3.015
5.263888888888889,-3.0149999999999997
5.266666666666667,-2.995
5.269444444444445,-2.975
5.272222222222222,-2.965
5.275,-2.9450000000000003
5.277777777777778,-2.9149999999999996
5.280555555555556,-2.9099999999999997
5.283333333333333,-2.855
5.286111111111111,-2.8150000000000004
5.288888888888889,-2.7750000000000004
5.291666666666667,-2.67
5.294444444444444,-2.59
5.297222222222223,-2.415
5.3,-2.285
5.302777777777778,-2.18
5.305555555555555,-2.075
5.308333333333334,-2.03
5.311111111111111,-1.9749999999999999
5.313888888888889,-1.975
5.316666666666666,-1.97
5.319444444444445,-1.98
5.322222222222222,-2.0
5.325,-1.9949999999999999
5.3277777777777775,-2.02
5.330555555555556,-2.02
5.333333333333333,-2.015
5.336111111111111,-2.005
5.338888888888889,-1.9850000000000003
5.341666666666667,-2.015
5.344444444444444,-2.025
5.347222222222222,-2.0549999999999997
5.35,-2.0250000000000004
5.352777777777778,-2.025
5.355555555555555,-2.01
5.358333333333333,-2.025
5.361111111111111,-2.0250000000000004
5.363888888888889,-2.065
5.366666666666666,-2.0349999999999997
5.3694444444444445,-2.035
5.372222222222222,-2.035
5.375,-2.005
5.377777777777778,-2.04
5.380555555555556,-2.005
5.383333333333334,-2.01
5.386111111111111,-1.9999999999999998
5.388888888888889,-1.98
5.391666666666667,-2.02
5.394444444444445,-2.02
5.397222222222222,-2.025
5.4,-2.025
5.402777777777778,-2.01
5.405555555555556,-2.0200000000000005
5.408333333333333,-1.985
5.411111111111111,-1.99
5.413888888888889,-1.9649999999999999
5.416666666666667,-1.9449999999999998
5.419444444444444,-1.955
5.422222222222223,-1.935
5.425,-1.935
5.427777777777778,-1.9700000000000002
5.430555555555555,-1.94
5.433333333333334,-1.9
5.436111111111111,-1.7950000000000002
5.438888888888889,-1.685
5.441666666666666,-1.58
5.444444444444445,-1.4499999999999997
5.447222222222222,-1.34
5.45,-1.205
5.4527777777777775,-1.1
5.455555555555556,-1.015
5.458333333333333,-0.9450000000000001
5.461111111111111,-0.8799999999999999
5.463888888888889,-0.885
5.466666666666667,-1.02
5.469444444444444,-1.185
5.472222222222222,-1.3650000000000002
5.475,-1.56
5.477777777777778,-1.7199999999999998
5.480555555555555,-1.815
5.483333333333333,-1.8800000000000001
5.486111111111111,-1.905
5.488888888888889,-1.9100000000000001
5.491666666666666,-1.895
5.4944444444444445,-1.855
5.497222222222222,-1.815
5.5,-1.81
5.502777777777778,-1.79
5.505555555555556,-1.7899999999999998
5.508333333333334,-1.7649999999999997
5.511111111111111,-1.7650000000000001
5.513888888888889,-1.7349999999999999
5.516666666666667,-1.74
5.519444444444445,-1.7149999999999999
5.522222222222222,-1.7449999999999999
5.525,-1.735
5.527777777777778,-1.725
5.530555555555556,-1.715
5.533333333333333,-1.7049999999999998
5.536111111111111,-1.71
5.538888888888889,-1.735
5.541666666666667,-1.755
5.544444444444444,-1.755
5.547222222222223,-1.755
5.55,-1.7349999999999999
5.552777777777778,-1.7
